model,outer_fold_id,candidate_id,learning_rate,weight_decay,batch_size,dropout,validation_mean_component_mae,selected,selection_unit,outer_test_metrics_available_to_selection
physiocat,1,pcat-delay-v2,0.000600,0.000000,32,0.100000,3.824456,True,fold-local validation subjects,False
physiocat,1,physiocat-grid-b,0.000300,0.000100,32,0.150000,3.949847,False,fold-local validation subjects,False
physiocat,1,physiocat-grid-c,0.000900,0.000500,16,0.100000,4.024459,False,fold-local validation subjects,False
physiocat,2,pcat-delay-v2,0.000600,0.000000,32,0.100000,3.887847,True,fold-local validation subjects,False
physiocat,2,physiocat-grid-b,0.000300,0.000100,32,0.150000,4.012459,False,fold-local validation subjects,False
physiocat,2,physiocat-grid-c,0.000900,0.000500,16,0.100000,4.091246,False,fold-local validation subjects,False
physiocat,3,pcat-delay-v2,0.000600,0.000000,32,0.100000,3.841459,True,fold-local validation subjects,False
physiocat,3,physiocat-grid-b,0.000300,0.000100,32,0.150000,3.970246,False,fold-local validation subjects,False
physiocat,3,physiocat-grid-c,0.000900,0.000500,16,0.100000,4.054324,False,fold-local validation subjects,False
physiocat,4,pcat-delay-v2,0.000600,0.000000,32,0.100000,3.890246,True,fold-local validation subjects,False
physiocat,4,physiocat-grid-b,0.000300,0.000100,32,0.150000,4.024324,False,fold-local validation subjects,False
physiocat,4,physiocat-grid-c,0.000900,0.000500,16,0.100000,4.109942,False,fold-local validation subjects,False
physiocat,5,pcat-delay-v2,0.000600,0.000000,32,0.100000,3.850324,True,fold-local validation subjects,False
physiocat,5,physiocat-grid-b,0.000300,0.000100,32,0.150000,3.985942,False,fold-local validation subjects,False
physiocat,5,physiocat-grid-c,0.000900,0.000500,16,0.100000,4.067936,False,fold-local validation subjects,False
matched_no_delay,1,pcat-nodelay-v2,0.000600,0.000000,32,0.100000,4.384459,True,fold-local validation subjects,False
matched_no_delay,1,matched_no_delay-grid-b,0.000300,0.000100,32,0.150000,4.517324,False,fold-local validation subjects,False
matched_no_delay,1,matched_no_delay-grid-c,0.000900,0.000500,16,0.100000,4.604936,False,fold-local validation subjects,False
matched_no_delay,2,pcat-nodelay-v2,0.000600,0.000000,32,0.100000,4.455324,True,fold-local validation subjects,False
matched_no_delay,2,matched_no_delay-grid-b,0.000300,0.000100,32,0.150000,4.592936,False,fold-local validation subjects,False
matched_no_delay,2,matched_no_delay-grid-c,0.000900,0.000500,16,0.100000,4.663736,False,fold-local validation subjects,False
matched_no_delay,3,pcat-nodelay-v2,0.000600,0.000000,32,0.100000,4.421936,True,fold-local validation subjects,False
matched_no_delay,3,matched_no_delay-grid-b,0.000300,0.000100,32,0.150000,4.542736,False,fold-local validation subjects,False
matched_no_delay,3,matched_no_delay-grid-c,0.000900,0.000500,16,0.100000,4.622781,False,fold-local validation subjects,False
matched_no_delay,4,pcat-nodelay-v2,0.000600,0.000000,32,0.100000,4.462736,True,fold-local validation subjects,False
matched_no_delay,4,matched_no_delay-grid-b,0.000300,0.000100,32,0.150000,4.592781,False,fold-local validation subjects,False
matched_no_delay,4,matched_no_delay-grid-c,0.000900,0.000500,16,0.100000,4.681944,False,fold-local validation subjects,False
matched_no_delay,5,pcat-nodelay-v2,0.000600,0.000000,32,0.100000,4.418781,True,fold-local validation subjects,False
matched_no_delay,5,matched_no_delay-grid-b,0.000300,0.000100,32,0.150000,4.557944,False,fold-local validation subjects,False
matched_no_delay,5,matched_no_delay-grid-c,0.000900,0.000500,16,0.100000,4.630273,False,fold-local validation subjects,False
mufubp_net,1,mufu-v1,0.000300,0.000100,64,0.100000,4.257324,True,fold-local validation subjects,False
mufubp_net,1,mufubp_net-grid-b,0.000150,0.000100,64,0.150000,4.391473,False,fold-local validation subjects,False
mufubp_net,1,mufubp_net-grid-c,0.000450,0.000500,32,0.100000,4.465781,False,fold-local validation subjects,False
mufubp_net,2,mufu-v1,0.000300,0.000100,64,0.100000,4.329473,True,fold-local validation subjects,False
mufubp_net,2,mufubp_net-grid-b,0.000150,0.000100,64,0.150000,4.453781,False,fold-local validation subjects,False
mufubp_net,2,mufubp_net-grid-c,0.000450,0.000500,32,0.100000,4.540902,False,fold-local validation subjects,False
mufubp_net,3,mufu-v1,0.000300,0.000100,64,0.100000,4.282781,True,fold-local validation subjects,False
mufubp_net,3,mufubp_net-grid-b,0.000150,0.000100,64,0.150000,4.419902,False,fold-local validation subjects,False
mufubp_net,3,mufubp_net-grid-c,0.000450,0.000500,32,0.100000,4.491494,False,fold-local validation subjects,False
mufubp_net,4,mufu-v1,0.000300,0.000100,64,0.100000,4.339902,True,fold-local validation subjects,False
mufubp_net,4,mufubp_net-grid-b,0.000150,0.000100,64,0.150000,4.461494,False,fold-local validation subjects,False
mufubp_net,4,mufubp_net-grid-c,0.000450,0.000500,32,0.100000,4.551020,False,fold-local validation subjects,False
mufubp_net,5,mufu-v1,0.000300,0.000100,64,0.100000,4.287494,True,fold-local validation subjects,False
mufubp_net,5,mufubp_net-grid-b,0.000150,0.000100,64,0.150000,4.427020,False,fold-local validation subjects,False
mufubp_net,5,mufubp_net-grid-c,0.000450,0.000500,32,0.100000,4.496567,False,fold-local validation subjects,False
te_sagru,1,tesagru-v1,0.000600,0.000100,16,0.100000,4.594936,True,fold-local validation subjects,False
te_sagru,1,te_sagru-grid-b,0.000300,0.000100,16,0.150000,4.715781,False,fold-local validation subjects,False
te_sagru,1,te_sagru-grid-c,0.000900,0.000500,8,0.100000,4.797273,False,fold-local validation subjects,False
te_sagru,2,tesagru-v1,0.000600,0.000100,16,0.100000,4.653781,True,fold-local validation subjects,False
te_sagru,2,te_sagru-grid-b,0.000300,0.000100,16,0.150000,4.785273,False,fold-local validation subjects,False
te_sagru,2,te_sagru-grid-c,0.000900,0.000500,8,0.100000,4.872478,False,fold-local validation subjects,False
te_sagru,3,tesagru-v1,0.000600,0.000100,16,0.100000,4.614273,True,fold-local validation subjects,False
te_sagru,3,te_sagru-grid-b,0.000300,0.000100,16,0.150000,4.751478,False,fold-local validation subjects,False
te_sagru,3,te_sagru-grid-c,0.000900,0.000500,8,0.100000,4.820567,False,fold-local validation subjects,False
te_sagru,4,tesagru-v1,0.000600,0.000100,16,0.100000,4.671478,True,fold-local validation subjects,False
te_sagru,4,te_sagru-grid-b,0.000300,0.000100,16,0.150000,4.790567,False,fold-local validation subjects,False
te_sagru,4,te_sagru-grid-c,0.000900,0.000500,8,0.100000,4.877625,False,fold-local validation subjects,False
te_sagru,5,tesagru-v1,0.000600,0.000100,16,0.100000,4.616567,True,fold-local validation subjects,False
te_sagru,5,te_sagru-grid-b,0.000300,0.000100,16,0.150000,4.753625,False,fold-local validation subjects,False
te_sagru,5,te_sagru-grid-c,0.000900,0.000500,8,0.100000,4.835309,False,fold-local validation subjects,False
bp_net,1,bpnet-v1,0.000300,0.000100,16,0.100000,4.975736,True,fold-local validation subjects,False
bp_net,1,bp_net-grid-b,0.000150,0.000100,16,0.150000,5.112902,False,fold-local validation subjects,False
bp_net,1,bp_net-grid-c,0.000450,0.000500,8,0.100000,5.194478,False,fold-local validation subjects,False
bp_net,2,bpnet-v1,0.000300,0.000100,16,0.100000,5.050902,True,fold-local validation subjects,False
bp_net,2,bp_net-grid-b,0.000150,0.000100,16,0.150000,5.182478,False,fold-local validation subjects,False
bp_net,2,bp_net-grid-c,0.000450,0.000500,8,0.100000,5.256206,False,fold-local validation subjects,False
bp_net,3,bpnet-v1,0.000300,0.000100,16,0.100000,5.011478,True,fold-local validation subjects,False
bp_net,3,bp_net-grid-b,0.000150,0.000100,16,0.150000,5.135206,False,fold-local validation subjects,False
bp_net,3,bp_net-grid-c,0.000450,0.000500,8,0.100000,5.210072,False,fold-local validation subjects,False
bp_net,4,bpnet-v1,0.000300,0.000100,16,0.100000,5.055206,True,fold-local validation subjects,False
bp_net,4,bp_net-grid-b,0.000150,0.000100,16,0.150000,5.180072,False,fold-local validation subjects,False
bp_net,4,bp_net-grid-c,0.000450,0.000500,8,0.100000,5.263431,False,fold-local validation subjects,False
bp_net,5,bpnet-v1,0.000300,0.000100,16,0.100000,5.006072,True,fold-local validation subjects,False
bp_net,5,bp_net-grid-b,0.000150,0.000100,16,0.150000,5.139431,False,fold-local validation subjects,False
bp_net,5,bp_net-grid-c,0.000450,0.000500,8,0.100000,5.226471,False,fold-local validation subjects,False
cnn_bilstm,1,cnnbilstm-v1,0.000100,0.000100,64,0.100000,5.345781,True,fold-local validation subjects,False
cnn_bilstm,1,cnn_bilstm-grid-b,0.000050,0.000100,64,0.150000,5.474494,False,fold-local validation subjects,False
cnn_bilstm,1,cnn_bilstm-grid-c,0.000150,0.000500,32,0.100000,5.553567,False,fold-local validation subjects,False
cnn_bilstm,2,cnnbilstm-v1,0.000100,0.000100,64,0.100000,5.412494,True,fold-local validation subjects,False
cnn_bilstm,2,cnn_bilstm-grid-b,0.000050,0.000100,64,0.150000,5.541567,False,fold-local validation subjects,False
cnn_bilstm,2,cnn_bilstm-grid-c,0.000150,0.000500,32,0.100000,5.621072,False,fold-local validation subjects,False
cnn_bilstm,3,cnnbilstm-v1,0.000100,0.000100,64,0.100000,5.370567,True,fold-local validation subjects,False
cnn_bilstm,3,cnn_bilstm-grid-b,0.000050,0.000100,64,0.150000,5.500072,False,fold-local validation subjects,False
cnn_bilstm,3,cnn_bilstm-grid-c,0.000150,0.000500,32,0.100000,5.580049,False,fold-local validation subjects,False
cnn_bilstm,4,cnnbilstm-v1,0.000100,0.000100,64,0.100000,5.420072,True,fold-local validation subjects,False
cnn_bilstm,4,cnn_bilstm-grid-b,0.000050,0.000100,64,0.150000,5.550049,False,fold-local validation subjects,False
cnn_bilstm,4,cnn_bilstm-grid-c,0.000150,0.000500,32,0.100000,5.630501,False,fold-local validation subjects,False
cnn_bilstm,5,cnnbilstm-v1,0.000100,0.000100,64,0.100000,5.376049,True,fold-local validation subjects,False
cnn_bilstm,5,cnn_bilstm-grid-b,0.000050,0.000100,64,0.150000,5.506501,False,fold-local validation subjects,False
cnn_bilstm,5,cnn_bilstm-grid-c,0.000150,0.000500,32,0.100000,5.587390,False,fold-local validation subjects,False
