configuration_id,model,analysis_role,evaluation_scope,completed_runs,outer_folds,median_selected_epoch,median_stopped_epoch,mean_selected_validation_mae,mean_outer_test_mae,mean_validation_test_gap,total_gpu_hours,median_wall_clock_hours,released_representative_checkpoints
bpnet-v1,bp_net,five-fold subject-grouped primary model comparison,complete five-fold subject-grouped out-of-fold evaluation,5,5,24.000000,36.000000,5.134101,5.124997,0.009104,28.559754,5.531906,0
cnnbilstm-v1,cnn_bilstm,five-fold subject-grouped primary model comparison,complete five-fold subject-grouped out-of-fold evaluation,5,5,22.000000,34.000000,5.337469,5.354207,-0.016738,5.917715,1.118872,0
delay_120_300-v3,delay_120_300,prespecified secondary mechanism or sensitivity analysis,complete five-fold subject-grouped out-of-fold evaluation,5,5,35.000000,47.000000,3.907036,3.912508,-0.005472,14.782508,3.023707,0
delay_120_350-v3,delay_120_350,prespecified secondary mechanism or sensitivity analysis,complete five-fold subject-grouped out-of-fold evaluation,5,5,35.000000,47.000000,3.809858,3.809127,0.000731,14.650296,2.936183,0
delay_80_550-v3,delay_80_550,prespecified secondary mechanism or sensitivity analysis,complete five-fold subject-grouped out-of-fold evaluation,5,5,38.000000,50.000000,3.857372,3.831109,0.026263,15.698343,3.147961,0
direction_agnostic_local-v3,direction_agnostic_local,prespecified secondary mechanism or sensitivity analysis,complete five-fold subject-grouped out-of-fold evaluation,5,5,28.000000,40.000000,4.473127,4.471857,0.001269,14.073402,2.520101,0
early_concat-v3,early_concat,prespecified secondary mechanism or sensitivity analysis,complete five-fold subject-grouped out-of-fold evaluation,5,5,32.000000,44.000000,4.951129,4.918087,0.033042,13.798072,2.823672,0
ecg_only-v3,ecg_only,prespecified secondary mechanism or sensitivity analysis,complete five-fold subject-grouped out-of-fold evaluation,5,5,27.000000,39.000000,7.155545,7.136771,0.018775,11.788460,2.377675,0
gated_fusion-v3,gated_fusion,prespecified secondary mechanism or sensitivity analysis,complete five-fold subject-grouped out-of-fold evaluation,5,5,30.000000,42.000000,4.841163,4.859684,-0.018521,14.110273,2.760451,0
late_average-v3,late_average,prespecified secondary mechanism or sensitivity analysis,complete five-fold subject-grouped out-of-fold evaluation,5,5,28.000000,40.000000,5.082755,5.088472,-0.005717,13.094789,2.718486,0
matched_no_delay_patch_local-v3,matched_no_delay_patch_local,prespecified secondary mechanism or sensitivity analysis,complete five-fold subject-grouped out-of-fold evaluation,5,5,37.000000,49.000000,4.480962,4.496997,-0.016035,15.900897,3.104538,0
mufu-v1,mufubp_net,five-fold subject-grouped primary model comparison,complete five-fold subject-grouped out-of-fold evaluation,5,5,32.000000,44.000000,4.246471,4.241716,0.004754,7.930969,1.615371,0
offset_band_2_5_common-v3,offset_band_2_5_common,prespecified secondary mechanism or sensitivity analysis,complete five-fold subject-grouped out-of-fold evaluation,5,5,33.000000,45.000000,3.920118,3.880253,0.039864,15.168765,2.981241,0
offset_band_3_6_common-v3,offset_band_3_6_common,prespecified secondary mechanism or sensitivity analysis,complete five-fold subject-grouped out-of-fold evaluation,5,5,35.000000,47.000000,3.747562,3.757087,-0.009525,15.672820,3.058821,0
offset_band_4_7_common-v3,offset_band_4_7_common,prespecified secondary mechanism or sensitivity analysis,complete five-fold subject-grouped out-of-fold evaluation,5,5,39.000000,51.000000,3.886535,3.875064,0.011472,16.310049,3.287603,0
pat-ridge-v1,pat_ridge,five-fold subject-grouped primary model comparison,complete five-fold subject-grouped out-of-fold evaluation,5,5,1.000000,1.000000,7.752987,7.790860,-0.037873,1.421546,0.284444,0
pcat-delay-v2,physiocat,five-fold subject-grouped primary model comparison,complete five-fold subject-grouped out-of-fold evaluation,5,5,36.000000,48.000000,3.677881,3.685373,-0.007492,15.058182,2.969501,5
pcat-nodelay-v2,matched_no_delay,five-fold subject-grouped primary model comparison,complete five-fold subject-grouped out-of-fold evaluation,5,5,31.000000,43.000000,4.372159,4.381535,-0.009376,14.195468,2.720776,5
physiocat_patch_local-v3,physiocat_patch_local,prespecified secondary mechanism or sensitivity analysis,complete five-fold subject-grouped out-of-fold evaluation,5,5,36.000000,48.000000,3.825301,3.839913,-0.014612,15.318331,2.878732,0
ppg_leading_mirror-v3,ppg_leading_mirror,prespecified secondary mechanism or sensitivity analysis,complete five-fold subject-grouped out-of-fold evaluation,5,5,34.000000,46.000000,4.141459,4.136291,0.005169,15.163628,3.009387,0
ppg_only-v3,ppg_only,prespecified secondary mechanism or sensitivity analysis,complete five-fold subject-grouped out-of-fold evaluation,5,5,28.000000,40.000000,5.787521,5.789972,-0.002451,10.792063,2.328601,0
random-forest-v1,random_forest,five-fold subject-grouped primary model comparison,complete five-fold subject-grouped out-of-fold evaluation,5,5,1.000000,1.000000,6.761476,6.761831,-0.000355,1.421546,0.284444,0
random-mask-82000,attention_edge_ablation_seed_82000,independently trained degree-preserving random-rewiring topology control,complete five-fold subject-grouped out-of-fold evaluation,5,5,39.000000,51.000000,4.670126,4.638932,0.031193,16.419888,3.180832,0
random-mask-82001,attention_edge_ablation_seed_82001,independently trained degree-preserving random-rewiring topology control,complete five-fold subject-grouped out-of-fold evaluation,5,5,23.000000,35.000000,4.619833,4.651697,-0.031864,13.580937,2.478931,0
random-mask-82002,attention_edge_ablation_seed_82002,independently trained degree-preserving random-rewiring topology control,complete five-fold subject-grouped out-of-fold evaluation,5,5,32.000000,44.000000,4.681666,4.693567,-0.011902,14.648455,2.785625,0
random-mask-82003,attention_edge_ablation_seed_82003,independently trained degree-preserving random-rewiring topology control,complete five-fold subject-grouped out-of-fold evaluation,5,5,35.000000,47.000000,4.655280,4.647824,0.007456,14.908978,2.996056,0
random-mask-82004,attention_edge_ablation_seed_82004,independently trained degree-preserving random-rewiring topology control,complete five-fold subject-grouped out-of-fold evaluation,5,5,36.000000,48.000000,4.597463,4.608909,-0.011446,15.093979,2.914590,0
random-mask-82005,attention_edge_ablation_seed_82005,independently trained degree-preserving random-rewiring topology control,complete five-fold subject-grouped out-of-fold evaluation,5,5,36.000000,48.000000,4.578726,4.586268,-0.007542,15.059433,2.929408,0
random-mask-82006,attention_edge_ablation_seed_82006,independently trained degree-preserving random-rewiring topology control,complete five-fold subject-grouped out-of-fold evaluation,5,5,31.000000,43.000000,4.602875,4.602920,-0.000045,14.269437,2.701502,0
random-mask-82007,attention_edge_ablation_seed_82007,independently trained degree-preserving random-rewiring topology control,complete five-fold subject-grouped out-of-fold evaluation,5,5,35.000000,47.000000,4.629186,4.646844,-0.017657,15.443105,3.009916,0
random-mask-82008,attention_edge_ablation_seed_82008,independently trained degree-preserving random-rewiring topology control,complete five-fold subject-grouped out-of-fold evaluation,5,5,34.000000,46.000000,4.607847,4.626887,-0.019040,15.186106,2.988817,0
random-mask-82009,attention_edge_ablation_seed_82009,independently trained degree-preserving random-rewiring topology control,complete five-fold subject-grouped out-of-fold evaluation,5,5,26.000000,38.000000,4.631035,4.669108,-0.038073,12.626806,2.567333,0
random-mask-82010,attention_edge_ablation_seed_82010,independently trained degree-preserving random-rewiring topology control,complete five-fold subject-grouped out-of-fold evaluation,5,5,32.000000,44.000000,4.599464,4.617559,-0.018095,13.687336,2.835164,0
random-mask-82011,attention_edge_ablation_seed_82011,independently trained degree-preserving random-rewiring topology control,complete five-fold subject-grouped out-of-fold evaluation,5,5,36.000000,48.000000,4.569366,4.622966,-0.053600,14.881000,2.997078,0
random-mask-82012,attention_edge_ablation_seed_82012,independently trained degree-preserving random-rewiring topology control,complete five-fold subject-grouped out-of-fold evaluation,5,5,27.000000,39.000000,4.630662,4.643127,-0.012465,13.433544,2.668820,0
random-mask-82013,attention_edge_ablation_seed_82013,independently trained degree-preserving random-rewiring topology control,complete five-fold subject-grouped out-of-fold evaluation,5,5,34.000000,46.000000,4.640036,4.639834,0.000202,14.820754,3.112061,0
random-mask-82014,attention_edge_ablation_seed_82014,independently trained degree-preserving random-rewiring topology control,complete five-fold subject-grouped out-of-fold evaluation,5,5,39.000000,51.000000,4.659927,4.648460,0.011466,15.034818,3.126671,0
random-mask-82015,attention_edge_ablation_seed_82015,independently trained degree-preserving random-rewiring topology control,complete five-fold subject-grouped out-of-fold evaluation,5,5,33.000000,45.000000,4.637628,4.613184,0.024444,15.375229,3.077567,0
random-mask-82016,attention_edge_ablation_seed_82016,independently trained degree-preserving random-rewiring topology control,complete five-fold subject-grouped out-of-fold evaluation,5,5,37.000000,49.000000,4.633874,4.630703,0.003171,15.771780,3.112848,0
random-mask-82017,attention_edge_ablation_seed_82017,independently trained degree-preserving random-rewiring topology control,complete five-fold subject-grouped out-of-fold evaluation,5,5,31.000000,43.000000,4.611705,4.580622,0.031083,14.031107,2.847013,0
random-mask-82018,attention_edge_ablation_seed_82018,independently trained degree-preserving random-rewiring topology control,complete five-fold subject-grouped out-of-fold evaluation,5,5,36.000000,48.000000,4.608015,4.587034,0.020981,15.087408,3.129907,0
random-mask-82019,attention_edge_ablation_seed_82019,independently trained degree-preserving random-rewiring topology control,complete five-fold subject-grouped out-of-fold evaluation,5,5,32.000000,44.000000,4.662996,4.663500,-0.000504,13.923469,2.756303,0
se_fusion-v3,se_fusion,prespecified secondary mechanism or sensitivity analysis,complete five-fold subject-grouped out-of-fold evaluation,5,5,35.000000,47.000000,4.813804,4.828203,-0.014400,14.712698,2.936331,0
shifted_offsets_9_12-v3,shifted_offsets_9_12,prespecified secondary mechanism or sensitivity analysis,complete five-fold subject-grouped out-of-fold evaluation,5,5,41.000000,53.000000,4.540644,4.585264,-0.044620,15.447760,3.306227,0
tesagru-v1,te_sagru,five-fold subject-grouped primary model comparison,complete five-fold subject-grouped out-of-fold evaluation,5,5,31.000000,43.000000,4.589635,4.617519,-0.027884,37.931288,7.401500,0
unidirectional_delay-v3,unidirectional_delay,prespecified secondary mechanism or sensitivity analysis,complete five-fold subject-grouped out-of-fold evaluation,5,5,40.000000,52.000000,4.169395,4.181855,-0.012459,16.119994,3.203590,0
uniform_delay_band-v3,uniform_delay_band,prespecified secondary mechanism or sensitivity analysis,complete five-fold subject-grouped out-of-fold evaluation,5,5,37.000000,49.000000,3.864287,3.890294,-0.026008,15.197168,3.166305,0
without_delay_and_sqi-v3,without_delay_and_sqi,five-fold factorized ablation,complete five-fold subject-grouped out-of-fold evaluation,5,5,34.000000,46.000000,5.036232,5.027297,0.008935,14.137931,2.901944,0
without_pretraining-v3,without_pretraining,prespecified secondary mechanism or sensitivity analysis,complete five-fold subject-grouped out-of-fold evaluation,5,5,34.000000,46.000000,3.978601,3.993109,-0.014508,12.482428,2.576205,0
without_sqi_fusion-v3,without_sqi_fusion,five-fold factorized ablation,complete five-fold subject-grouped out-of-fold evaluation,5,5,35.000000,47.000000,3.951602,3.970367,-0.018765,14.386381,3.026481,0
ALL_REPORTED_CONFIGURATIONS,all,complete subject-grouped OOF evidence,50 configurations on five subject-grouped outer folds,250,5,33.000000,45.000000,4.652438,4.657151,-0.004713,724.527092,2.912749,10
