source_seed,source_model,training_cohort,training_subjects,training_windows,validation_subjects,validation_windows,external_targets,target_tuning,prediction_artifact,checkpoint_release_status
42,physiocat,pulsedb_vital,2442,167483,272,18769,pulsedb_mimic|mimic_bp,False,artifacts/predictions/source_model_three_seed_subject_statistics.csv.gz,released primary frozen checkpoint
42,matched_no_delay,pulsedb_vital,2442,167483,272,18769,pulsedb_mimic|mimic_bp,False,artifacts/predictions/source_model_three_seed_subject_statistics.csv.gz,released primary frozen checkpoint
42,mufubp_net,pulsedb_vital,2442,167483,272,18769,pulsedb_mimic|mimic_bp,False,artifacts/predictions/source_model_three_seed_subject_statistics.csv.gz,released primary frozen checkpoint
1337,physiocat,pulsedb_vital,2442,167483,272,18769,pulsedb_mimic|mimic_bp,False,artifacts/predictions/source_model_three_seed_subject_statistics.csv.gz,"run receipt, validation metrics, and target prediction authority released; checkpoint not redistributed"
1337,matched_no_delay,pulsedb_vital,2442,167483,272,18769,pulsedb_mimic|mimic_bp,False,artifacts/predictions/source_model_three_seed_subject_statistics.csv.gz,"run receipt, validation metrics, and target prediction authority released; checkpoint not redistributed"
1337,mufubp_net,pulsedb_vital,2442,167483,272,18769,pulsedb_mimic|mimic_bp,False,artifacts/predictions/source_model_three_seed_subject_statistics.csv.gz,"run receipt, validation metrics, and target prediction authority released; checkpoint not redistributed"
2025,physiocat,pulsedb_vital,2442,167483,272,18769,pulsedb_mimic|mimic_bp,False,artifacts/predictions/source_model_three_seed_subject_statistics.csv.gz,"run receipt, validation metrics, and target prediction authority released; checkpoint not redistributed"
2025,matched_no_delay,pulsedb_vital,2442,167483,272,18769,pulsedb_mimic|mimic_bp,False,artifacts/predictions/source_model_three_seed_subject_statistics.csv.gz,"run receipt, validation metrics, and target prediction authority released; checkpoint not redistributed"
2025,mufubp_net,pulsedb_vital,2442,167483,272,18769,pulsedb_mimic|mimic_bp,False,artifacts/predictions/source_model_three_seed_subject_statistics.csv.gz,"run receipt, validation metrics, and target prediction authority released; checkpoint not redistributed"
