source_model,prediction_role,evaluation_cohort,checkpoint,checkpoint_sha256,checkpoint_state_dict_sha256,selected_epoch,selected_validation_sbp_mae,selected_validation_dbp_mae,configuration_sha256,preprocessing_config,preprocessing_config_sha256,input_manifest,input_manifest_sha256,prediction_artifact,prediction_artifact_sha256,prediction_values_sha256,prediction_rows,prediction_subjects,inference_entrypoint,raw_waveforms_redistributed
physiocat,source_validation,pulsedb_vital_source_validation,artifacts/checkpoints/source_models/physiocat/pulsedb_vital_frozen_source/checkpoint.npz,cfc4528204e20e456d6e43e45f9409a6c4e2383edbf7eaa542af63c7047c553f,3b5d91eb0c621194106be9169ce42af2ae8b8c2d3a2857749178554e0ed4d84d,46,4.32022652,3.05513675,2e236acae73a87dd098ddd4427adc02b591bb5b0b5edd238cb40b0188a083f7f,configs/preprocessing/default_8s_250hz.yaml,8c2f6400115cc40a372fa46563f9776e46b55b1e65d62fc5b583fcd4f7158165,data/manifests/source_model_validation_windows.csv.gz,09f26cb701feb8f86cd739948ce5e49e25192fa6ca4d231256e9a211ed2951a1,artifacts/predictions/source_validation/physiocat_predictions.csv.gz,990bef763b31f90b21482b3fcc0ec34d150c5525a81e73a7e5b53aa0ad13ff35,b821fc78fa56b4d26d89d2338d3137e0b6403045eb7768e9ac0262e739a62ba8,18769,272,scripts/train/predict_source_model.py,False
physiocat,zero_shot_external,pulsedb_mimic,artifacts/checkpoints/source_models/physiocat/pulsedb_vital_frozen_source/checkpoint.npz,cfc4528204e20e456d6e43e45f9409a6c4e2383edbf7eaa542af63c7047c553f,3b5d91eb0c621194106be9169ce42af2ae8b8c2d3a2857749178554e0ed4d84d,46,4.32022652,3.05513675,2e236acae73a87dd098ddd4427adc02b591bb5b0b5edd238cb40b0188a083f7f,configs/preprocessing/default_8s_250hz.yaml,8c2f6400115cc40a372fa46563f9776e46b55b1e65d62fc5b583fcd4f7158165,data/manifests/pulsedb_mimic_subjects.csv.gz,a68fb40ca7c73adf57b854de6a96bb4a7ee7a4fd5a546338b7dade171cfa410f,artifacts/predictions/pulsedb_mimic_zero_shot_predictions.csv.gz,98979a1ededdadd034f483e66cc261e8eaa6eeb1d8a4b86adbef7a78fe283230,87c86b45afb887819c2569f564f93da5bcb7c3b46d05bab0bd7ac95cb677d787,164882,2201,scripts/train/predict_source_model.py,False
physiocat,zero_shot_external,mimic_bp,artifacts/checkpoints/source_models/physiocat/pulsedb_vital_frozen_source/checkpoint.npz,cfc4528204e20e456d6e43e45f9409a6c4e2383edbf7eaa542af63c7047c553f,3b5d91eb0c621194106be9169ce42af2ae8b8c2d3a2857749178554e0ed4d84d,46,4.32022652,3.05513675,2e236acae73a87dd098ddd4427adc02b591bb5b0b5edd238cb40b0188a083f7f,configs/preprocessing/default_8s_250hz.yaml,8c2f6400115cc40a372fa46563f9776e46b55b1e65d62fc5b583fcd4f7158165,data/manifests/mimic_bp_subjects.csv.gz,82e53a8f93d1639e9d2c24dd4b12f891f3f1b1a7bfda39c3bc5e2f398cd2f658,artifacts/predictions/mimic_bp_zero_shot_predictions.csv.gz,8e354c0a852a41dfc8e02cae87060e9bab0974a76e538986d438906cf2c7a59b,cfa17aaf3d8bf1b8375a51d437ddd3babb51ff4c4ee7917cff031508ba615c70,39498,1524,scripts/train/predict_source_model.py,False
matched_no_delay,source_validation,pulsedb_vital_source_validation,artifacts/checkpoints/source_models/matched_no_delay/pulsedb_vital_frozen_source/checkpoint.npz,0e7b09dde2450e495cad177b17002f5da8aa82910d53a259b107a85da4f351d4,36b33857d41aa6c9d0d0fae10a88602c836dfb56c3df69a7a621f14cd9c4490a,44,5.40693107,3.52700903,c078a588560158cc7bc3d77e66aba94094ff447a4b6861a4c05bd0318089cb8c,configs/preprocessing/default_8s_250hz.yaml,8c2f6400115cc40a372fa46563f9776e46b55b1e65d62fc5b583fcd4f7158165,data/manifests/source_model_validation_windows.csv.gz,09f26cb701feb8f86cd739948ce5e49e25192fa6ca4d231256e9a211ed2951a1,artifacts/predictions/source_validation/matched_no_delay_predictions.csv.gz,c8126c48f5a6bcb6d65c63378ce07c5e7287b0757dc9dec98692d84071c0c748,94d9449ea5f5b55584ed0d8c168b53d5dcc3f7bff97d36d0a86f7a696583855d,18769,272,scripts/train/predict_source_model.py,False
matched_no_delay,zero_shot_external,pulsedb_mimic,artifacts/checkpoints/source_models/matched_no_delay/pulsedb_vital_frozen_source/checkpoint.npz,0e7b09dde2450e495cad177b17002f5da8aa82910d53a259b107a85da4f351d4,36b33857d41aa6c9d0d0fae10a88602c836dfb56c3df69a7a621f14cd9c4490a,44,5.40693107,3.52700903,c078a588560158cc7bc3d77e66aba94094ff447a4b6861a4c05bd0318089cb8c,configs/preprocessing/default_8s_250hz.yaml,8c2f6400115cc40a372fa46563f9776e46b55b1e65d62fc5b583fcd4f7158165,data/manifests/pulsedb_mimic_subjects.csv.gz,a68fb40ca7c73adf57b854de6a96bb4a7ee7a4fd5a546338b7dade171cfa410f,artifacts/predictions/pulsedb_mimic_zero_shot_predictions.csv.gz,98979a1ededdadd034f483e66cc261e8eaa6eeb1d8a4b86adbef7a78fe283230,63858dddd842c07aae20a14e6c3a41f0525376267efcd0b3b58af810a37025cd,164882,2201,scripts/train/predict_source_model.py,False
matched_no_delay,zero_shot_external,mimic_bp,artifacts/checkpoints/source_models/matched_no_delay/pulsedb_vital_frozen_source/checkpoint.npz,0e7b09dde2450e495cad177b17002f5da8aa82910d53a259b107a85da4f351d4,36b33857d41aa6c9d0d0fae10a88602c836dfb56c3df69a7a621f14cd9c4490a,44,5.40693107,3.52700903,c078a588560158cc7bc3d77e66aba94094ff447a4b6861a4c05bd0318089cb8c,configs/preprocessing/default_8s_250hz.yaml,8c2f6400115cc40a372fa46563f9776e46b55b1e65d62fc5b583fcd4f7158165,data/manifests/mimic_bp_subjects.csv.gz,82e53a8f93d1639e9d2c24dd4b12f891f3f1b1a7bfda39c3bc5e2f398cd2f658,artifacts/predictions/mimic_bp_zero_shot_predictions.csv.gz,8e354c0a852a41dfc8e02cae87060e9bab0974a76e538986d438906cf2c7a59b,8fa44550f6a96cf7e8ebae62d2d76ba96dd82f6948b7c2e76fb9e5b0b36e6e91,39498,1524,scripts/train/predict_source_model.py,False
mufubp_net,source_validation,pulsedb_vital_source_validation,artifacts/checkpoints/source_models/mufubp_net/pulsedb_vital_frozen_source/checkpoint.npz,31e81fc046ebbd9a9a8602cf7cf68f3c86189ca233743a83726e61a935c21482,af98bba5d8b80a9d977625256a26655bd98ff3810a8dcf70507dd5f8200a1f83,20,5.00159404,3.40696849,d81cf334c794cc7c64b4c84e1e4055c35b3090fbeece48fc0769a91486380941,configs/preprocessing/default_8s_250hz.yaml,8c2f6400115cc40a372fa46563f9776e46b55b1e65d62fc5b583fcd4f7158165,data/manifests/source_model_validation_windows.csv.gz,09f26cb701feb8f86cd739948ce5e49e25192fa6ca4d231256e9a211ed2951a1,artifacts/predictions/source_validation/mufubp_net_predictions.csv.gz,77f86b26e22bb7798dead1b54797703d98d131383be56d5d8dbe60e420c9cfd8,4a0a1dc8fadbcbe4f5cd90e7c740bf235743efe9e009523620211186a32642b6,18769,272,scripts/train/predict_source_model.py,False
mufubp_net,zero_shot_external,pulsedb_mimic,artifacts/checkpoints/source_models/mufubp_net/pulsedb_vital_frozen_source/checkpoint.npz,31e81fc046ebbd9a9a8602cf7cf68f3c86189ca233743a83726e61a935c21482,af98bba5d8b80a9d977625256a26655bd98ff3810a8dcf70507dd5f8200a1f83,20,5.00159404,3.40696849,d81cf334c794cc7c64b4c84e1e4055c35b3090fbeece48fc0769a91486380941,configs/preprocessing/default_8s_250hz.yaml,8c2f6400115cc40a372fa46563f9776e46b55b1e65d62fc5b583fcd4f7158165,data/manifests/pulsedb_mimic_subjects.csv.gz,a68fb40ca7c73adf57b854de6a96bb4a7ee7a4fd5a546338b7dade171cfa410f,artifacts/predictions/pulsedb_mimic_zero_shot_predictions.csv.gz,98979a1ededdadd034f483e66cc261e8eaa6eeb1d8a4b86adbef7a78fe283230,b549ef2daa6c93f1c2e9e712a3e137183d3ff357c7e1b6c98485ef8612dc65b4,164882,2201,scripts/train/predict_source_model.py,False
mufubp_net,zero_shot_external,mimic_bp,artifacts/checkpoints/source_models/mufubp_net/pulsedb_vital_frozen_source/checkpoint.npz,31e81fc046ebbd9a9a8602cf7cf68f3c86189ca233743a83726e61a935c21482,af98bba5d8b80a9d977625256a26655bd98ff3810a8dcf70507dd5f8200a1f83,20,5.00159404,3.40696849,d81cf334c794cc7c64b4c84e1e4055c35b3090fbeece48fc0769a91486380941,configs/preprocessing/default_8s_250hz.yaml,8c2f6400115cc40a372fa46563f9776e46b55b1e65d62fc5b583fcd4f7158165,data/manifests/mimic_bp_subjects.csv.gz,82e53a8f93d1639e9d2c24dd4b12f891f3f1b1a7bfda39c3bc5e2f398cd2f658,artifacts/predictions/mimic_bp_zero_shot_predictions.csv.gz,8e354c0a852a41dfc8e02cae87060e9bab0974a76e538986d438906cf2c7a59b,f8adb68a94c95d6ea073ab137212bf5fc42029eef5085feba75c9a34db930099,39498,1524,scripts/train/predict_source_model.py,False
